rowNumber,failure_type
446,No Failure
7076,No Failure
1191,No Failure
2618,No Failure
5067,No Failure
191,No Failure
2601,No Failure
3300,No Failure
6729,No Failure
4824,No Failure
6848,No Failure
1238,No Failure
199,No Failure
3703,No Failure
6984,No Failure
3601,No Failure
1737,No Failure
6992,No Failure
9921,No Failure
5593,No Failure
2910,No Failure
8041,No Failure
8525,No Failure
4475,No Failure
7611,No Failure
2405,No Failure
9048,No Failure
146,No Failure
2049,No Failure
2964,No Failure
8868,No Failure
9211,No Failure
8598,No Failure
1123,No Failure
3894,No Failure
5175,No Failure
2477,No Failure
5531,No Failure
7916,No Failure
5441,No Failure
5764,No Failure
3779,No Failure
8844,No Failure
4227,No Failure
7525,No Failure
3002,No Failure
6076,No Failure
7154,No Failure
1108,No Failure
5754,No Failure
7020,No Failure
4094,No Failure
1552,No Failure
8607,No Failure
3913,No Failure
5295,No Failure
931,No Failure
130,No Failure
9041,No Failure
3420,No Failure
4347,No Failure
8329,No Failure
1288,No Failure
9931,No Failure
6441,No Failure
5052,No Failure
7960,No Failure
5127,No Failure
4137,No Failure
3481,No Failure
9585,No Failure
9976,No Failure
2828,No Failure
6088,No Failure
7696,No Failure
1580,No Failure
1571,No Failure
7750,No Failure
4831,No Failure
6951,No Failure
8367,No Failure
1799,No Failure
4199,No Failure
8046,No Failure
9150,No Failure
4538,No Failure
8352,No Failure
589,No Failure
3132,No Failure
2208,No Failure
2383,No Failure
6131,No Failure
4467,No Failure
5117,No Failure
6584,No Failure
1713,No Failure
2863,No Failure
5059,No Failure
5864,No Failure
9241,No Failure
9917,No Failure
3643,No Failure
7143,No Failure
62,No Failure
7385,No Failure
6687,No Failure
6700,No Failure
2850,No Failure
8670,No Failure
1140,No Failure
5280,No Failure
2515,No Failure
4399,No Failure
6145,No Failure
6481,No Failure
1513,No Failure
9709,No Failure
7401,No Failure
1762,No Failure
5478,No Failure
8480,No Failure
636,No Failure
1963,No Failure
400,No Failure
2893,No Failure
5907,No Failure
504,No Failure
712,No Failure
1506,No Failure
8653,No Failure
8706,No Failure
8964,No Failure
3990,No Failure
5164,No Failure
7269,No Failure
9580,No Failure
3199,No Failure
3772,No Failure
9913,No Failure
4381,Overstrain Failure
5981,No Failure
5228,No Failure
7305,No Failure
4027,No Failure
5424,No Failure
1413,No Failure
8772,No Failure
8611,No Failure
4654,No Failure
7183,No Failure
3257,No Failure
1832,No Failure
9949,No Failure
3885,No Failure
4462,No Failure
2823,No Failure
2927,No Failure
9262,No Failure
2594,No Failure
8668,No Failure
8004,No Failure
7569,No Failure
3680,No Failure
2072,No Failure
9639,No Failure
7962,No Failure
7860,No Failure
6627,No Failure
8040,No Failure
1018,No Failure
2861,Overstrain Failure
6717,No Failure
2817,No Failure
7253,No Failure
1948,No Failure
8280,No Failure
4438,No Failure
5959,No Failure
7684,No Failure
454,No Failure
8731,No Failure
1593,No Failure
1775,No Failure
7803,No Failure
3061,No Failure
8766,No Failure
5810,No Failure
9014,No Failure
9658,No Failure
8301,No Failure
3127,No Failure
4958,No Failure
9445,No Failure
8861,No Failure
1175,No Failure
6602,No Failure
7343,No Failure
5056,No Failure
654,No Failure
6264,No Failure
6775,No Failure
9787,No Failure
462,No Failure
9292,No Failure
9688,No Failure
5388,No Failure
5492,No Failure
9965,No Failure
6671,No Failure
9746,No Failure
6379,No Failure
7676,No Failure
138,No Failure
9010,No Failure
576,No Failure
3714,No Failure
2874,No Failure
5404,No Failure
8036,No Failure
7708,No Failure
2955,No Failure
1295,No Failure
4861,No Failure
2066,No Failure
7057,No Failure
861,No Failure
3151,No Failure
5601,No Failure
4091,No Failure
3588,No Failure
8215,No Failure
3974,No Failure
8514,No Failure
9293,No Failure
6525,No Failure
5940,No Failure
5201,No Failure
9039,No Failure
1605,No Failure
8833,No Failure
7638,No Failure
6075,No Failure
445,No Failure
6191,No Failure
3343,No Failure
3783,No Failure
4637,No Failure
3290,No Failure
3429,No Failure
2381,No Failure
8790,No Failure
4615,No Failure
5324,No Failure
295,No Failure
1025,No Failure
5689,No Failure
8118,No Failure
7554,No Failure
8748,No Failure
7649,No Failure
2327,No Failure
5714,No Failure
3218,No Failure
2403,No Failure
5161,No Failure
6916,No Failure
6408,No Failure
7212,No Failure
2449,No Failure
5921,No Failure
5426,No Failure
9678,No Failure
3748,No Failure
7936,No Failure
4022,No Failure
2044,No Failure
3817,No Failure
3848,No Failure
8811,No Failure
4058,No Failure
312,No Failure
7654,No Failure
1369,No Failure
4886,No Failure
2386,No Failure
7680,No Failure
6788,No Failure
5405,No Failure
363,No Failure
4565,No Failure
177,No Failure
1433,No Failure
2142,No Failure
3173,No Failure
987,No Failure
4889,No Failure
8336,No Failure
9946,No Failure
2141,No Failure
7628,No Failure
8394,No Failure
8757,No Failure
7811,No Failure
8165,No Failure
5156,No Failure
3646,No Failure
2157,No Failure
6596,No Failure
3230,No Failure
9801,No Failure
7158,No Failure
6002,No Failure
8510,No Failure
7880,No Failure
9442,No Failure
1491,No Failure
460,No Failure
3574,No Failure
8883,No Failure
1951,No Failure
2325,No Failure
737,No Failure
1591,No Failure
4933,No Failure
5437,No Failure
4198,No Failure
15,No Failure
5719,No Failure
7695,No Failure
9062,No Failure
3847,No Failure
1043,No Failure
1388,No Failure
4300,No Failure
3062,No Failure
7140,No Failure
1087,No Failure
8225,No Failure
8697,No Failure
2510,No Failure
2484,No Failure
6136,No Failure
8072,No Failure
5468,No Failure
1537,No Failure
1372,No Failure
9153,No Failure
7834,No Failure
2535,No Failure
641,No Failure
8544,No Failure
8590,No Failure
7368,No Failure
778,No Failure
6015,No Failure
50,No Failure
4915,No Failure
7937,No Failure
6097,No Failure
4855,No Failure
8491,No Failure
3268,No Failure
2860,No Failure
2882,No Failure
7921,No Failure
1532,No Failure
773,No Failure
410,No Failure
9968,No Failure
1451,No Failure
7872,No Failure
1248,No Failure
4169,No Failure
7251,No Failure
1645,No Failure
4112,No Failure
7632,No Failure
3533,No Failure
483,No Failure
3047,No Failure
3287,No Failure
2653,No Failure
3770,No Failure
9111,No Failure
4585,No Failure
9986,No Failure
8709,No Failure
8708,No Failure
8229,No Failure
4790,No Failure
6530,No Failure
4298,No Failure
5513,No Failure
2831,No Failure
879,No Failure
7180,No Failure
5599,No Failure
2686,No Failure
2159,No Failure
706,No Failure
7650,No Failure
6299,No Failure
6358,No Failure
9683,No Failure
977,No Failure
1255,No Failure
7580,No Failure
3666,No Failure
9555,No Failure
3655,No Failure
6022,No Failure
7835,No Failure
9233,No Failure
9400,No Failure
3712,No Failure
4899,Overstrain Failure
4639,No Failure
7171,No Failure
8892,No Failure
8223,No Failure
8551,No Failure
3194,No Failure
8902,No Failure
6990,No Failure
8650,No Failure
3820,No Failure
1072,No Failure
9531,No Failure
2868,No Failure
472,No Failure
9923,No Failure
8260,No Failure
9121,No Failure
1209,No Failure
4232,No Failure
3980,No Failure
4110,No Failure
4517,No Failure
6161,No Failure
1219,No Failure
7127,No Failure
91,No Failure
9898,No Failure
8566,No Failure
1957,No Failure
9283,No Failure
502,No Failure
3088,No Failure
2181,No Failure
2559,No Failure
2103,No Failure
757,No Failure
9018,No Failure
6220,No Failure
6557,No Failure
5244,No Failure
7260,No Failure
1908,No Failure
4810,No Failure
740,No Failure
393,No Failure
8503,No Failure
1658,No Failure
4142,No Failure
4294,No Failure
5759,No Failure
8711,No Failure
7853,No Failure
2344,No Failure
584,No Failure
9813,No Failure
3208,No Failure
1064,No Failure
6629,No Failure
2631,No Failure
6783,No Failure
1742,No Failure
8710,No Failure
2444,No Failure
9222,No Failure
5403,No Failure
5040,No Failure
6987,No Failure
2039,No Failure
7581,No Failure
214,No Failure
5613,No Failure
3618,No Failure
4755,No Failure
9429,No Failure
5152,No Failure
4240,No Failure
2184,No Failure
2010,No Failure
5690,No Failure
3205,No Failure
1479,No Failure
8899,No Failure
501,No Failure
1738,No Failure
8176,No Failure
9383,No Failure
2340,No Failure
8908,No Failure
2276,No Failure
5387,No Failure
1800,No Failure
1306,No Failure
3754,No Failure
1912,No Failure
5611,No Failure
7045,No Failure
6899,No Failure
5003,No Failure
6502,No Failure
1258,No Failure
8632,No Failure
5520,No Failure
2437,No Failure
3503,No Failure
2328,No Failure
3438,No Failure
6957,No Failure
5631,No Failure
8934,No Failure
3388,No Failure
832,No Failure
7974,No Failure
1609,No Failure
9164,No Failure
700,No Failure
9054,No Failure
427,No Failure
8485,No Failure
8802,No Failure
3513,No Failure
6343,No Failure
9334,No Failure
2409,No Failure
835,No Failure
5984,No Failure
6169,No Failure
1501,No Failure
5051,No Failure
9461,No Failure
1534,No Failure
8548,No Failure
3521,No Failure
1151,No Failure
8781,No Failure
7215,No Failure
9486,No Failure
6444,No Failure
5446,No Failure
8022,No Failure
6594,No Failure
7873,No Failure
9338,No Failure
9571,No Failure
1975,No Failure
5896,No Failure
6764,No Failure
2368,No Failure
8920,No Failure
6026,No Failure
4348,No Failure
3787,No Failure
5789,No Failure
7131,No Failure
4931,No Failure
4148,No Failure
7297,No Failure
1864,No Failure
8379,No Failure
9432,No Failure
1852,No Failure
5251,No Failure
6039,No Failure
2222,No Failure
417,No Failure
1223,No Failure
5101,No Failure
1652,No Failure
810,No Failure
3732,No Failure
797,No Failure
7809,No Failure
8347,No Failure
5368,No Failure
989,No Failure
9197,No Failure
9260,No Failure
5293,No Failure
261,No Failure
5248,No Failure
3235,No Failure
6301,No Failure
5202,No Failure
3746,No Failure
6293,No Failure
8281,No Failure
2191,No Failure
6440,No Failure
2336,No Failure
4019,No Failure
3129,No Failure
5429,No Failure
4561,No Failure
6254,No Failure
2228,No Failure
5900,No Failure
2306,No Failure
5998,No Failure
4355,No Failure
5224,No Failure
3349,No Failure
3431,No Failure
1607,No Failure
4178,No Failure
9240,No Failure
6479,No Failure
7533,No Failure
6582,No Failure
833,No Failure
9088,No Failure
1348,No Failure
7797,No Failure
3526,No Failure
3502,No Failure
3809,No Failure
4530,No Failure
6009,No Failure
4338,No Failure
3512,No Failure
4041,No Failure
2592,No Failure
3489,No Failure
2959,No Failure
7795,No Failure
3507,No Failure
7014,No Failure
9423,No Failure
7828,No Failure
8164,No Failure
6971,No Failure
7969,No Failure
5756,No Failure
2738,No Failure
2453,No Failure
4659,No Failure
4403,No Failure
5790,No Failure
1673,No Failure
5054,No Failure
4474,No Failure
7798,No Failure
8578,No Failure
1317,No Failure
6232,No Failure
8262,No Failure
9945,No Failure
818,No Failure
2382,No Failure
8818,No Failure
71,No Failure
1267,No Failure
1578,No Failure
9213,No Failure
1681,No Failure
3967,No Failure
1326,No Failure
1366,No Failure
3677,No Failure
9718,No Failure
1091,No Failure
2457,No Failure
8808,No Failure
6834,No Failure
5679,No Failure
9507,No Failure
9274,No Failure
4020,No Failure
656,No Failure
1772,No Failure
3111,No Failure
6290,No Failure
5657,No Failure
1751,No Failure
75,No Failure
5661,No Failure
1928,No Failure
1543,No Failure
3615,No Failure
8219,No Failure
3505,No Failure
5339,No Failure
6380,No Failure
1964,No Failure
2129,No Failure
2241,No Failure
3667,No Failure
6714,No Failure
6389,No Failure
2593,No Failure
171,No Failure
5841,No Failure
2097,No Failure
9624,No Failure
5267,No Failure
3251,No Failure
9859,No Failure
5139,No Failure
3206,No Failure
9780,No Failure
3586,No Failure
3722,No Failure
1815,No Failure
2346,No Failure
6149,No Failure
2707,No Failure
5849,No Failure
5793,No Failure
1310,No Failure
5372,No Failure
210,No Failure
3443,No Failure
2902,No Failure
4529,No Failure
9505,No Failure
8906,No Failure
9649,No Failure
2899,No Failure
285,No Failure
6352,No Failure
3080,No Failure
9157,No Failure
1005,No Failure
9602,No Failure
8283,No Failure
457,No Failure
8683,No Failure
7086,No Failure
4231,No Failure
8954,No Failure
6042,No Failure
352,No Failure
399,No Failure
3450,No Failure
1190,No Failure
4307,No Failure
217,No Failure
3605,No Failure
9060,No Failure
7914,No Failure
7609,No Failure
3048,No Failure
3883,No Failure
9194,No Failure
6340,No Failure
321,No Failure
186,No Failure
5565,No Failure
3090,No Failure
6271,No Failure
1839,No Failure
2258,No Failure
529,No Failure
4578,No Failure
4843,No Failure
7216,No Failure
5208,No Failure
2800,No Failure
5653,No Failure
3802,No Failure
2351,No Failure
1862,No Failure
3731,No Failure
822,No Failure
7849,No Failure
10,No Failure
9955,No Failure
6973,No Failure
5218,No Failure
4761,No Failure
4743,No Failure
6122,No Failure
3880,No Failure
2240,No Failure
1909,No Failure
5470,No Failure
8929,No Failure
5769,No Failure
548,No Failure
6940,No Failure
5833,No Failure
5711,No Failure
9984,No Failure
1176,No Failure
390,No Failure
8769,No Failure
216,No Failure
3905,No Failure
7482,No Failure
3520,No Failure
9657,No Failure
7932,No Failure
9552,No Failure
3102,No Failure
7668,No Failure
937,No Failure
5453,No Failure
8252,No Failure
6956,No Failure
2492,No Failure
1438,No Failure
3707,No Failure
758,No Failure
1456,No Failure
5835,No Failure
5709,No Failure
9702,No Failure
3943,No Failure
6261,No Failure
6158,No Failure
5762,No Failure
4256,No Failure
3979,No Failure
1665,No Failure
9513,No Failure
6585,No Failure
9337,No Failure
1027,No Failure
4012,No Failure
3803,No Failure
8366,No Failure
4945,No Failure
814,No Failure
4604,No Failure
2668,No Failure
9339,No Failure
4007,No Failure
8424,No Failure
4914,No Failure
9444,No Failure
9621,No Failure
955,No Failure
7437,No Failure
5409,No Failure
3407,No Failure
6758,No Failure
6556,No Failure
4543,No Failure
9296,No Failure
2550,No Failure
282,No Failure
3553,No Failure
6218,No Failure
9253,No Failure
6738,No Failure
6927,No Failure
9903,No Failure
1076,No Failure
1321,No Failure
7218,No Failure
4209,No Failure
759,No Failure
5639,No Failure
1307,No Failure
7470,No Failure
8664,No Failure
7555,No Failure
8103,No Failure
7844,No Failure
509,No Failure
738,No Failure
9068,No Failure
2153,No Failure
2096,No Failure
9503,No Failure
5084,No Failure
5522,No Failure
8445,No Failure
8197,No Failure
8441,No Failure
6197,No Failure
2056,No Failure
9929,No Failure
852,No Failure
3534,No Failure
2273,No Failure
8831,No Failure
2384,No Failure
6726,No Failure
9468,No Failure
913,No Failure
7303,No Failure
665,No Failure
7724,No Failure
7971,No Failure
5905,No Failure
7924,No Failure
8882,No Failure
6400,No Failure
376,No Failure
3484,No Failure
2296,No Failure
2976,No Failure
1139,No Failure
103,No Failure
2174,No Failure
527,No Failure
9378,No Failure
3225,No Failure
3134,No Failure
4074,No Failure
173,No Failure
2069,No Failure
601,No Failure
6469,No Failure
8275,No Failure
2323,No Failure
106,No Failure
9833,No Failure
1059,No Failure
678,No Failure
5831,No Failure
5045,No Failure
2061,No Failure
1411,No Failure
5574,No Failure
1980,No Failure
6482,No Failure
704,No Failure
6334,No Failure
6455,No Failure
4130,No Failure
7584,No Failure
9306,No Failure
9536,No Failure
5897,No Failure
435,No Failure
9850,No Failure
9193,No Failure
8216,No Failure
5625,No Failure
1796,No Failure
5365,No Failure
2305,No Failure
8025,No Failure
6963,No Failure
1119,No Failure
8211,No Failure
4314,No Failure
6117,No Failure
7142,No Failure
1663,No Failure
5021,No Failure
3058,No Failure
1617,No Failure
7388,No Failure
8066,No Failure
5167,No Failure
461,No Failure
9131,No Failure
5551,No Failure
781,No Failure
7195,No Failure
6409,No Failure
8819,No Failure
8946,No Failure
4681,No Failure
9640,No Failure
9797,No Failure
3045,No Failure
3224,No Failure
5843,No Failure
3991,No Failure
7223,No Failure
890,No Failure
7583,No Failure
375,No Failure
1362,No Failure
9307,No Failure
7689,No Failure
1265,No Failure
996,No Failure
4791,No Failure
7682,No Failure
5915,No Failure
2529,No Failure
1418,No Failure
1225,No Failure
998,No Failure
6890,No Failure
7588,No Failure
2590,No Failure
3861,No Failure
6522,No Failure
1631,No Failure
6093,No Failure
5130,No Failure
2254,No Failure
6882,No Failure
3123,No Failure
3804,No Failure
3641,No Failure
847,No Failure
2105,No Failure
4087,No Failure
7273,No Failure
6568,No Failure
6427,No Failure
9760,No Failure
8825,No Failure
6328,No Failure
3136,No Failure
6870,No Failure
4373,No Failure
3202,No Failure
6499,No Failure
4804,No Failure
5088,No Failure
6120,No Failure
8506,No Failure
3608,No Failure
3874,No Failure
401,No Failure
3522,No Failure
9020,No Failure
6759,No Failure
8944,No Failure
8770,No Failure
8658,No Failure
111,No Failure
7792,No Failure
9535,No Failure
7038,No Failure
4376,No Failure
4785,No Failure
1879,No Failure
3987,No Failure
5073,No Failure
143,No Failure
9914,No Failure
8289,No Failure
5105,No Failure
4938,No Failure
6861,No Failure
5825,No Failure
7488,No Failure
6654,No Failure
2540,No Failure
6053,No Failure
8520,No Failure
7219,No Failure
7433,No Failure
7759,No Failure
2219,No Failure
556,No Failure
8413,No Failure
5829,No Failure
1173,No Failure
761,No Failure
6580,No Failure
9137,No Failure
649,No Failure
3028,No Failure
4980,No Failure
7556,No Failure
2047,No Failure
6205,No Failure
6737,No Failure
7346,No Failure
9393,No Failure
3909,No Failure
3617,No Failure
1065,No Failure
1574,No Failure
4536,No Failure
5949,No Failure
1058,No Failure
1220,No Failure
1568,No Failure
9355,No Failure
3928,No Failure
222,No Failure
707,No Failure
4877,No Failure
7619,No Failure
2967,No Failure
588,No Failure
6974,No Failure
6492,No Failure
9067,No Failure
2318,No Failure
2040,No Failure
3462,No Failure
484,No Failure
6798,No Failure
2764,No Failure
5780,No Failure
207,No Failure
1429,No Failure
2736,No Failure
4482,No Failure
3607,No Failure
4835,No Failure
8407,No Failure
6247,No Failure
1592,No Failure
3095,No Failure
187,No Failure
1544,No Failure
6787,No Failure
6183,No Failure
1051,No Failure
6181,No Failure
2716,No Failure
3910,No Failure
1545,No Failure
627,No Failure
5454,No Failure
8916,No Failure
6885,No Failure
124,No Failure
2322,No Failure
3383,No Failure
7135,No Failure
1245,No Failure
7132,No Failure
2834,No Failure
4412,No Failure
1817,No Failure
2554,No Failure
6578,No Failure
5976,No Failure
8571,No Failure
9591,No Failure
9770,No Failure
6074,No Failure
6751,No Failure
7509,No Failure
2747,No Failure
570,No Failure
9449,No Failure
322,No Failure
2111,No Failure
9145,No Failure
8331,No Failure
5351,No Failure
3500,No Failure
1603,No Failure
9581,No Failure
5856,No Failure
1408,No Failure
3301,No Failure
3213,No Failure
724,No Failure
9849,No Failure
663,No Failure
4435,No Failure
1727,No Failure
147,No Failure
1365,No Failure
4554,No Failure
5590,No Failure
3430,No Failure
1235,No Failure
5007,No Failure
3137,No Failure
7697,No Failure
8721,No Failure
8137,No Failure
9534,No Failure
2418,No Failure
9674,No Failure
8444,No Failure
8832,No Failure
6365,No Failure
6797,No Failure
1682,No Failure
2391,No Failure
9789,No Failure
219,No Failure
5541,No Failure
622,No Failure
8324,No Failure
7166,No Failure
9495,No Failure
6312,No Failure
9726,No Failure
4895,No Failure
4181,No Failure
6710,No Failure
6631,No Failure
1868,No Failure
531,No Failure
3109,No Failure
7911,No Failure
1517,No Failure
2102,No Failure
767,No Failure
2723,No Failure
2663,No Failure
6045,No Failure
3034,No Failure
6720,No Failure
7870,No Failure
7981,No Failure
6807,No Failure
4716,No Failure
3486,No Failure
8869,No Failure
6622,No Failure
5592,No Failure
6155,No Failure
4893,No Failure
5583,No Failure
9798,No Failure
6878,No Failure
2297,No Failure
3793,No Failure
1744,No Failure
3501,No Failure
371,No Failure
4344,No Failure
5118,No Failure
9358,No Failure
8455,No Failure
6230,No Failure
8190,No Failure
4085,No Failure
8637,No Failure
3422,No Failure
3482,No Failure
3999,No Failure
8629,No Failure
4215,No Failure
6666,No Failure
9147,No Failure
7560,No Failure
5696,No Failure
4569,No Failure
9318,No Failure
3067,No Failure
3511,No Failure
3387,No Failure
7358,No Failure
6960,No Failure
2090,No Failure
5596,No Failure
8051,No Failure
549,No Failure
3436,No Failure
3081,No Failure
9616,No Failure
4906,No Failure
2213,No Failure
8304,No Failure
9322,No Failure
9376,No Failure
9458,No Failure
1590,No Failure
3988,No Failure
5604,No Failure
9879,No Failure
4522,No Failure
5428,No Failure
1610,No Failure
8979,No Failure
6028,No Failure
7923,No Failure
8724,No Failure
8776,No Failure
360,No Failure
1110,No Failure
3690,No Failure
8623,No Failure
5997,No Failure
4172,No Failure
851,No Failure
9806,No Failure
2450,No Failure
3217,No Failure
2331,No Failure
843,No Failure
3765,No Failure
1318,No Failure
659,No Failure
6590,No Failure
5303,No Failure
4994,No Failure
6425,No Failure
2775,No Failure
9604,No Failure
554,No Failure
2949,No Failure
4677,No Failure
436,No Failure
9842,No Failure
229,No Failure
6490,No Failure
9729,No Failure
3590,No Failure
4981,No Failure
721,No Failure
6020,No Failure
3675,No Failure
6591,No Failure
8773,No Failure
5141,No Failure
4497,No Failure
6920,No Failure
4048,No Failure
748,No Failure
864,No Failure
7080,No Failure
6463,No Failure
6858,No Failure
6058,No Failure
4869,No Failure
3525,No Failure
1097,No Failure
9136,No Failure
9483,No Failure
4014,No Failure
6035,No Failure
3160,No Failure
1915,No Failure
4377,No Failure
6713,No Failure
8414,No Failure
6763,No Failure
7854,No Failure
826,No Failure
2071,No Failure
8621,No Failure
1627,No Failure
2164,No Failure
2155,No Failure
382,No Failure
3478,No Failure
6617,No Failure
3973,No Failure
2156,No Failure
139,No Failure
4472,No Failure
7468,No Failure
1099,No Failure
5194,No Failure
142,No Failure
8715,No Failure
4456,No Failure
5916,No Failure
869,No Failure
8565,No Failure
3539,No Failure
9377,No Failure
8267,No Failure
5065,No Failure
212,No Failure
7451,No Failure
7318,No Failure
101,No Failure
6284,No Failure
7656,No Failure
4434,No Failure
4330,No Failure
4679,No Failure
552,No Failure
2205,No Failure
8097,No Failure
7349,No Failure
8010,No Failure
3138,No Failure
4991,No Failure
7374,No Failure
7736,No Failure
2271,No Failure
9454,No Failure
3523,No Failure
5455,No Failure
9956,No Failure
412,No Failure
9771,No Failure
905,No Failure
1945,No Failure
1128,No Failure
8082,No Failure
3647,No Failure
4975,No Failure
4454,No Failure
1345,No Failure
4751,No Failure
2988,No Failure
4671,No Failure
1328,No Failure
7577,No Failure
3,No Failure
7483,No Failure
6571,No Failure
6855,No Failure
2110,No Failure
9071,No Failure
1770,No Failure
3355,No Failure
2432,No Failure
5498,No Failure
6531,No Failure
6280,No Failure
4034,No Failure
1788,No Failure
4747,No Failure
9022,No Failure
1884,No Failure
5753,No Failure
9791,No Failure
8083,No Failure
7146,No Failure
8519,No Failure
9653,No Failure
7513,No Failure
8680,No Failure
6056,No Failure
4379,No Failure
6634,No Failure
2009,No Failure
8155,No Failure
8948,No Failure
6105,No Failure
5799,No Failure
2709,No Failure
7558,No Failure
3107,No Failure
573,No Failure
6424,No Failure
8534,No Failure
5797,No Failure
8032,No Failure
6324,No Failure
3828,No Failure
1278,No Failure
4452,No Failure
9061,No Failure
8462,No Failure
9762,No Failure
9471,No Failure
9159,No Failure
5828,No Failure
4986,No Failure
3841,No Failure
3072,No Failure
6611,No Failure
7160,No Failure
3404,No Failure
7224,No Failure
7975,No Failure
2225,No Failure
8530,No Failure
1427,No Failure
3957,No Failure
3800,No Failure
8038,No Failure
4753,No Failure
5217,No Failure
874,No Failure
6507,No Failure
936,No Failure
123,No Failure
3348,No Failure
2962,No Failure
4177,No Failure
6754,No Failure
6874,No Failure
5396,No Failure
1613,No Failure
6851,No Failure
8033,No Failure
1419,No Failure
1756,No Failure
2026,No Failure
7765,No Failure
1773,No Failure
5732,No Failure
2233,No Failure
2912,No Failure
349,No Failure
1472,No Failure
7653,No Failure
7002,No Failure
1101,No Failure
8857,No Failure
5726,No Failure
886,No Failure
8969,No Failure
2995,No Failure
20,No Failure
4558,No Failure
4370,No Failure
7419,No Failure
4236,No Failure
3888,No Failure
1015,No Failure
1439,No Failure
5144,No Failure
7521,No Failure
903,No Failure
1476,No Failure
3578,No Failure
5902,No Failure
8603,No Failure
3265,No Failure
8836,No Failure
5708,No Failure
6435,No Failure
5763,No Failure
7891,No Failure
3050,No Failure
7615,No Failure
7966,No Failure
6504,No Failure
2209,No Failure
6936,No Failure
2999,No Failure
2947,No Failure
4235,No Failure
7228,No Failure
3258,No Failure
4155,No Failure
1205,No Failure
3932,No Failure
1081,No Failure
9900,No Failure
5913,No Failure
4675,No Failure
1251,No Failure
5308,No Failure
1890,No Failure
6385,No Failure
5158,No Failure
5930,No Failure
3626,No Failure
3983,No Failure
6163,No Failure
8156,No Failure
4924,No Failure
6829,No Failure
1650,No Failure
5879,No Failure
660,No Failure
9708,No Failure
9684,No Failure
441,No Failure
1639,No Failure
77,No Failure
6497,No Failure
4963,No Failure
5608,No Failure
5838,No Failure
6510,No Failure
6454,No Failure
2685,No Failure
9542,No Failure
6520,No Failure
742,No Failure
1233,No Failure
1618,No Failure
8128,No Failure
6718,No Failure
5107,No Failure
3377,No Failure
2104,No Failure
862,No Failure
4827,No Failure
1654,No Failure
7114,No Failure
3536,No Failure
317,No Failure
9372,No Failure
7694,No Failure
7279,No Failure
4176,No Failure
7731,No Failure
1485,No Failure
1651,No Failure
7908,No Failure
7213,No Failure
9808,No Failure
3241,No Failure
8981,No Failure
8450,No Failure
3162,No Failure
2189,No Failure
4995,No Failure
9736,No Failure
1861,No Failure
4116,No Failure
6761,No Failure
3248,No Failure
14,No Failure
6762,No Failure
5091,No Failure
2021,No Failure
1465,No Failure
9570,No Failure
8646,No Failure
9196,No Failure
7181,No Failure
2542,No Failure
3347,No Failure
3149,No Failure
6251,No Failure
3183,No Failure
9093,No Failure
9634,No Failure
8472,No Failure
21,No Failure
5509,No Failure
8091,No Failure
6934,No Failure
5725,No Failure
6721,No Failure
6748,No Failure
834,No Failure
9380,No Failure
7785,No Failure
3084,No Failure
3573,No Failure
4574,No Failure
288,No Failure
8820,No Failure
9844,No Failure
6171,No Failure
8685,No Failure
6906,No Failure
5338,No Failure
1498,No Failure
4692,No Failure
8163,No Failure
203,No Failure
9352,No Failure
5818,No Failure
4955,No Failure
7497,No Failure
8779,No Failure
6347,No Failure
6745,No Failure
4846,No Failure
3005,No Failure
5874,No Failure
3078,No Failure
5953,No Failure
2004,No Failure
4443,No Failure
3664,No Failure
2974,No Failure
9755,No Failure
6589,No Failure
8364,No Failure
7097,No Failure
518,No Failure
9916,No Failure
4473,No Failure
6653,No Failure
9082,No Failure
850,No Failure
2769,No Failure
5650,No Failure
76,No Failure
1383,No Failure
8062,No Failure
1055,No Failure
1844,No Failure
7423,No Failure
2727,No Failure
551,No Failure
9312,No Failure
7919,No Failure
6613,Power Failure
9790,No Failure
354,No Failure
876,No Failure
7227,No Failure
6975,No Failure
9182,No Failure
1706,No Failure
3454,No Failure
8955,No Failure
1106,No Failure
6132,No Failure
8235,No Failure
5033,No Failure
3381,No Failure
3283,No Failure
55,No Failure
158,No Failure
1379,No Failure
6926,Heat Dissipation Failure
2120,No Failure
9397,No Failure
2869,No Failure
893,No Failure
2783,No Failure
3378,No Failure
7220,No Failure
2465,No Failure
5749,No Failure
1178,No Failure
2752,No Failure
9117,No Failure
35,No Failure
4066,No Failure
6935,No Failure
2700,No Failure
6244,No Failure
1370,No Failure
6715,No Failure
8233,No Failure
5768,No Failure
1126,No Failure
3551,No Failure
895,No Failure
5082,No Failure
6188,No Failure
4200,No Failure
4175,No Failure
9722,No Failure
5349,No Failure
7876,No Failure
7190,No Failure
4990,No Failure
6198,No Failure
8238,No Failure
1754,No Failure
2330,No Failure
6265,No Failure
7602,No Failure
5247,No Failure
3965,No Failure
6662,No Failure
9382,No Failure
9142,No Failure
3609,No Failure
7175,No Failure
3007,No Failure
4638,No Failure
8222,No Failure
3434,No Failure
4501,No Failure
3826,No Failure
7994,No Failure
1699,No Failure
2034,No Failure
2636,No Failure
2460,No Failure
1870,No Failure
9114,No Failure
1414,No Failure
5384,No Failure
2830,No Failure
4570,No Failure
3669,No Failure
4268,No Failure
1826,No Failure
9112,No Failure
3414,No Failure
7698,No Failure
6059,No Failure
6165,No Failure
5087,No Failure
4563,No Failure
5597,No Failure
4225,No Failure
3221,No Failure
2329,No Failure
2694,No Failure
1949,No Failure
1376,No Failure
9462,No Failure
7783,No Failure
4964,No Failure
1697,No Failure
5720,No Failure
3171,No Failure
667,No Failure
4997,No Failure
3575,No Failure
750,No Failure
6900,No Failure
8904,No Failure
489,No Failure
9457,No Failure
3709,No Failure
5676,No Failure
7983,No Failure
1487,No Failure
6323,No Failure
5632,No Failure
7677,No Failure
1204,No Failure
4273,No Failure
8537,No Failure
8477,No Failure
9685,No Failure
8600,No Failure
409,No Failure
7341,No Failure
2146,No Failure
5486,No Failure
9350,No Failure
6104,No Failure
4795,No Failure
9232,No Failure
776,No Failure
5378,No Failure
9038,No Failure
9473,No Failure
3466,No Failure
2197,No Failure
4411,No Failure
9263,No Failure
5200,No Failure
7229,No Failure
9229,No Failure
9667,No Failure
1979,No Failure
8893,No Failure
7613,No Failure
8239,No Failure
8166,No Failure
1781,No Failure
5343,No Failure
8361,No Failure
9446,No Failure
267,No Failure
9734,No Failure
4490,No Failure
228,No Failure
8531,No Failure
594,No Failure
7794,No Failure
2139,No Failure
8649,No Failure
24,No Failure
4341,No Failure
2149,No Failure
1490,No Failure
4317,No Failure
912,No Failure
4818,No Failure
4499,No Failure
5151,No Failure
1272,No Failure
4089,No Failure
338,No Failure
5770,No Failure
9928,No Failure
1102,No Failure
9116,No Failure
3718,No Failure
7204,No Failure
9191,No Failure
5540,No Failure
8076,No Failure
7192,No Failure
9249,No Failure
6968,No Failure
468,No Failure
8278,Overstrain Failure
4765,No Failure
5080,No Failure
1203,No Failure
2423,No Failure
2121,No Failure
6869,No Failure
7963,No Failure
8507,No Failure
4731,No Failure
3446,No Failure
8751,No Failure
7452,No Failure
7357,No Failure
5206,No Failure
7617,No Failure
3411,No Failure
6966,No Failure
383,No Failure
8967,No Failure
8718,No Failure
7598,No Failure
5172,No Failure
1298,No Failure
8692,No Failure
7375,No Failure
3961,No Failure
346,No Failure
264,No Failure
7958,No Failure
276,No Failure
9679,No Failure
1194,No Failure
608,No Failure
8556,No Failure
7179,No Failure
1137,No Failure
6151,No Failure
878,No Failure
5281,No Failure
5034,No Failure
8194,No Failure
2776,No Failure
253,No Failure
302,No Failure
9836,No Failure
2125,No Failure
6044,No Failure
607,No Failure
1134,No Failure
3395,No Failure
9268,No Failure
9244,No Failure
2507,No Failure
3419,No Failure
8669,No Failure
6501,No Failure
7344,No Failure
463,No Failure
3922,No Failure
821,No Failure
6872,No Failure
6519,No Failure
4287,No Failure
7162,No Failure
8368,No Failure
8454,No Failure
6216,No Failure
3444,No Failure
9538,No Failure
8645,No Failure
2936,No Failure
7910,No Failure
5678,No Failure
7425,No Failure
6315,No Failure
7455,No Failure
9402,No Failure
470,No Failure
1919,No Failure
1275,No Failure
651,No Failure
6856,No Failure
5982,No Failure
4319,No Failure
2207,No Failure
6703,No Failure
5098,No Failure
150,No Failure
2826,No Failure
2469,No Failure
4076,No Failure
4429,No Failure
3652,No Failure
6908,No Failure
8492,No Failure
4523,No Failure
5817,No Failure
4560,No Failure
1078,No Failure
7298,No Failure
9952,No Failure
9169,No Failure
1847,No Failure
4133,No Failure
2553,No Failure
7361,No Failure
7102,No Failure
2960,No Failure
4897,No Failure
1481,No Failure
7720,No Failure
259,No Failure
6485,No Failure
7926,No Failure
9816,No Failure
7312,No Failure
1008,No Failure
6138,No Failure
8111,No Failure
5209,No Failure
4310,No Failure
3418,No Failure
2639,No Failure
3956,No Failure
1483,No Failure
609,No Failure
684,No Failure
4811,No Failure
3757,No Failure
2948,No Failure
1085,No Failure
8789,No Failure
7025,No Failure
9474,No Failure
5716,No Failure
3869,No Failure
152,No Failure
8122,No Failure
3693,No Failure
3313,No Failure
3867,No Failure
4839,No Failure
7767,No Failure
2014,No Failure
5859,No Failure
7686,No Failure
389,No Failure
8116,No Failure
5704,No Failure
9508,No Failure
3602,No Failure
1105,No Failure
3033,No Failure
213,No Failure
134,No Failure
6207,No Failure
2317,No Failure
9878,No Failure
7847,No Failure
3328,No Failure
1449,No Failure
6802,No Failure
8147,No Failure
1259,No Failure
6414,No Failure
2220,No Failure
6533,No Failure
1094,No Failure
6234,No Failure
9939,No Failure
8371,No Failure
2719,No Failure
7726,No Failure
6353,No Failure
4306,No Failure
5302,No Failure
7768,No Failure
9874,No Failure
4890,No Failure
3592,No Failure
3226,No Failure
1003,No Failure
4629,No Failure
9130,No Failure
6241,No Failure
4669,No Failure
679,No Failure
1804,No Failure
7442,No Failure
5477,No Failure
4549,No Failure
6174,No Failure
7176,No Failure
3704,No Failure
8098,No Failure
8172,No Failure
9493,No Failure
6032,No Failure
7964,No Failure
7978,No Failure
6073,No Failure
1252,No Failure
1644,No Failure
56,No Failure
644,No Failure
9703,No Failure
3865,No Failure
9326,No Failure
753,No Failure
440,No Failure
6100,No Failure
9439,No Failure
5939,No Failure
558,No Failure
1986,No Failure
5889,No Failure
6098,No Failure
7093,No Failure
5226,No Failure
3161,No Failure
8694,No Failure
7418,No Failure
1747,No Failure
3342,No Failure
2851,No Failure
4258,No Failure
3656,No Failure
9735,No Failure
2160,No Failure
330,No Failure
673,No Failure
9699,No Failure
6889,No Failure
5505,No Failure
4057,No Failure
9855,No Failure
8376,No Failure
244,No Failure
3413,No Failure
8953,No Failure
9989,No Failure
2945,No Failure
5179,No Failure
1632,No Failure
9097,No Failure
926,No Failure
5495,No Failure
918,No Failure
5451,No Failure
2295,No Failure
1187,No Failure
9769,No Failure
6842,No Failure
1601,No Failure
3651,No Failure
4598,No Failure
475,No Failure
2750,No Failure
9631,No Failure
7173,No Failure
2212,No Failure
7851,No Failure
5240,No Failure
959,No Failure
7108,No Failure
991,No Failure
3797,No Failure
8780,No Failure
8990,No Failure
2720,No Failure
1463,No Failure
7208,No Failure
6635,No Failure
1049,No Failure
8327,No Failure
6407,No Failure
2522,No Failure
9773,No Failure
3470,No Failure
3589,No Failure
9113,No Failure
5075,No Failure
8189,No Failure
8991,No Failure
2820,No Failure
7394,No Failure
1566,No Failure
5979,No Failure
6023,No Failure
3795,No Failure
6784,No Failure
948,No Failure
9648,No Failure
7370,No Failure
8930,No Failure
7476,No Failure
2929,No Failure
2420,No Failure
8187,No Failure
7711,No Failure
9824,No Failure
4389,No Failure
3059,No Failure
8039,No Failure
9597,No Failure
1440,No Failure
7642,No Failure
7972,No Failure
2343,No Failure
8945,No Failure
2580,No Failure
8513,No Failure
8874,No Failure
5999,No Failure
9208,No Failure
4,No Failure
5023,No Failure
4460,No Failure
898,No Failure
7400,No Failure
1930,No Failure
7568,No Failure
8145,No Failure
1424,No Failure
4826,No Failure
5245,No Failure
8313,No Failure
5693,No Failure
4382,No Failure
5760,No Failure
2051,No Failure
116,No Failure
9090,No Failure
5439,No Failure
7770,No Failure
9520,No Failure
1542,No Failure
7134,No Failure
4892,No Failure
6222,No Failure
2717,No Failure
8714,No Failure
2008,No Failure
6778,No Failure
6637,No Failure
9265,No Failure
524,No Failure
3546,No Failure
8564,No Failure
8594,No Failure
8217,No Failure
7252,No Failure
1384,No Failure
3939,No Failure
3938,No Failure
9047,No Failure
9346,No Failure
1430,No Failure
196,No Failure
1200,No Failure
1279,No Failure
2888,No Failure
9714,No Failure
4840,No Failure
5282,No Failure
9329,No Failure
1508,Overstrain Failure
5826,No Failure
1575,No Failure
8468,No Failure
3764,No Failure
6664,No Failure
4117,Overstrain Failure
9314,No Failure
8606,No Failure
1797,No Failure
5993,No Failure
571,No Failure
1771,No Failure
6601,No Failure
5634,No Failure
7311,No Failure
5773,No Failure
973,No Failure
9594,No Failure
4573,No Failure
7345,No Failure
7687,No Failure
8431,No Failure
2166,No Failure
8744,No Failure
4021,No Failure
5197,No Failure
2171,No Failure
1454,No Failure
5946,No Failure
6728,No Failure
9235,No Failure
5434,No Failure
6931,No Failure
9676,No Failure
1177,No Failure
7301,No Failure
8852,No Failure
4414,No Failure
5622,No Failure
2215,No Failure
8824,No Failure
4349,No Failure
3263,No Failure
542,No Failure
5445,No Failure
5807,No Failure
8988,No Failure
941,No Failure
1648,No Failure
2489,No Failure
4653,No Failure
8345,No Failure
3350,No Failure
7058,No Failure
2081,No Failure
1009,No Failure
7477,No Failure
8756,No Failure
2521,No Failure
7412,No Failure
4031,No Failure
9777,No Failure
4239,No Failure
5096,No Failure
9102,No Failure
2210,No Failure
8003,No Failure
6297,No Failure
4974,No Failure
5875,No Failure
5042,No Failure
6639,No Failure
8365,No Failure
1634,No Failure
2198,No Failure
2908,No Failure
8495,No Failure
7236,No Failure
928,No Failure
1019,No Failure
6527,No Failure
7320,No Failure
4929,No Failure
98,No Failure
7843,No Failure
209,No Failure
4326,No Failure
1452,No Failure
4243,No Failure
603,No Failure
5231,No Failure
9155,No Failure
6850,No Failure
4166,No Failure
5876,No Failure
7917,No Failure
2019,No Failure
4941,No Failure
5480,No Failure
539,No Failure
6581,No Failure
6037,No Failure
5798,No Failure
7049,No Failure
5524,No Failure
717,No Failure
9595,No Failure
4145,No Failure
197,No Failure
7603,No Failure
7738,No Failure
7890,No Failure
5120,No Failure
8743,No Failure
3442,No Failure
3483,No Failure
4188,No Failure
7543,No Failure
7460,No Failure
1872,No Failure
5563,No Failure
4572,No Failure
7145,No Failure
1840,No Failure
9226,No Failure
7589,No Failure
2715,No Failure
3545,No Failure
114,No Failure
6706,No Failure
4923,No Failure
5957,No Failure
5552,No Failure
1995,No Failure
8205,No Failure
7384,No Failure
4247,No Failure
7557,No Failure
5018,No Failure
8389,No Failure
2933,No Failure
2358,No Failure
4513,No Failure
5806,No Failure
7903,No Failure
6213,No Failure
825,No Failure
1876,No Failure
7590,No Failure
4396,No Failure
1622,No Failure
7500,No Failure
5537,No Failure
3900,No Failure
7799,No Failure
920,No Failure
6304,No Failure
8700,No Failure
3490,No Failure
2246,No Failure
6812,No Failure
9743,No Failure
1707,No Failure
1572,No Failure
2832,No Failure
626,No Failure
8719,No Failure
3064,No Failure
3040,No Failure
7800,No Failure
1474,No Failure
3424,No Failure
7117,No Failure
4318,No Failure
2884,No Failure
4494,No Failure
4705,No Failure
2802,No Failure
7865,No Failure
9650,No Failure
3375,No Failure
1989,No Failure
7050,No Failure
6769,No Failure
9269,No Failure
488,No Failure
906,No Failure
5184,No Failure
8432,No Failure
2456,No Failure
6809,No Failure
2555,No Failure
2395,No Failure
3717,No Failure
1515,No Failure
9204,No Failure
23,No Failure
4098,No Failure
2342,No Failure
5506,No Failure
7832,No Failure
3561,No Failure
4803,No Failure
4224,No Failure
1333,No Failure
2265,No Failure
4673,No Failure
5525,No Failure
6982,No Failure
9095,Overstrain Failure
3688,No Failure
4726,No Failure
2906,No Failure
6331,No Failure
6003,No Failure
2523,No Failure
2564,No Failure
8354,No Failure
2630,No Failure
8094,No Failure
8209,No Failure
7174,No Failure
6321,No Failure
3846,No Failure
1503,No Failure
4823,No Failure
1769,No Failure
5327,No Failure
6793,No Failure
6564,No Failure
4083,No Failure
9472,No Failure
5121,No Failure
8213,No Failure
8641,No Failure
1910,No Failure
3998,No Failure
8007,No Failure
9185,No Failure
8912,No Failure
451,No Failure
2294,No Failure
4618,No Failure
2943,No Failure
5364,No Failure
4687,No Failure
86,No Failure
9212,No Failure
1042,No Failure
7379,No Failure
8174,No Failure
7861,No Failure
2143,No Failure
2144,No Failure
9890,No Failure
190,No Failure
1882,No Failure
5519,No Failure
3356,No Failure
2266,No Failure
7758,No Failure
9637,No Failure
5219,No Failure
7778,No Failure
3394,No Failure
8430,No Failure
3671,No Failure
1231,No Failure
8768,No Failure
9853,No Failure
2847,No Failure
5148,No Failure
5903,No Failure
756,No Failure
8447,No Failure
7068,No Failure
3384,No Failure
4195,No Failure
6448,No Failure
2990,No Failure
9745,No Failure
2664,No Failure
3023,No Failure
7620,No Failure
1431,No Failure
485,No Failure
7465,No Failure
7024,No Failure
7879,No Failure
6395,No Failure
993,No Failure
8508,No Failure
4006,No Failure
2578,No Failure
6250,No Failure
3915,No Failure
7608,No Failure
4783,No Failure
8812,No Failure
9615,No Failure
546,No Failure
6862,No Failure
4999,No Failure
5966,No Failure
7377,No Failure
7874,No Failure
1013,No Failure
6476,No Failure
5376,No Failure
4115,No Failure
8378,No Failure
1728,No Failure
1555,No Failure
7115,No Failure
9741,No Failure
655,No Failure
3410,No Failure
8755,No Failure
374,No Failure
7928,No Failure
2786,No Failure
4881,No Failure
5890,No Failure
94,No Failure
7128,No Failure
2179,No Failure
2387,No Failure
5257,No Failure
2641,No Failure
5941,No Failure
1114,No Failure
1521,No Failure
3598,No Failure
4887,No Failure
324,No Failure
6170,No Failure
7338,No Failure
9861,No Failure
3297,No Failure
7527,No Failure
9234,No Failure
9438,No Failure
7492,No Failure
6810,No Failure
1740,No Failure
7294,No Failure
9217,No Failure
8742,No Failure
9206,No Failure
4026,No Failure
5237,No Failure
1299,No Failure
1604,No Failure
6382,No Failure
4689,No Failure
2200,No Failure
5326,No Failure
602,No Failure
4655,No Failure
1179,No Failure
8693,No Failure
6338,No Failure
9704,No Failure
7319,No Failure
5887,No Failure
8546,No Failure
5006,No Failure
8192,No Failure
8716,No Failure
9484,No Failure
7747,No Failure
7022,No Failure
2204,No Failure
6102,No Failure
8837,No Failure
5232,No Failure
605,No Failure
1984,No Failure
4576,No Failure
5591,No Failure
7466,No Failure
9651,No Failure
4364,No Failure
3981,No Failure
7039,No Failure
8294,No Failure
969,No Failure
5878,No Failure
4520,No Failure
428,No Failure
3723,No Failure
1983,No Failure
5377,No Failure
5582,No Failure
2950,No Failure
2487,No Failure
309,No Failure
4879,No Failure
3449,No Failure
5564,No Failure
8482,No Failure
9689,No Failure
8798,No Failure
6048,No Failure
7315,No Failure
1170,No Failure
3474,No Failure
1709,No Failure
9210,No Failure
3367,No Failure
1953,No Failure
836,No Failure
793,No Failure
586,No Failure
9367,No Failure
7008,No Failure
9245,No Failure
4978,No Failure
8254,No Failure
1246,No Failure
1720,No Failure
6333,No Failure
3346,No Failure
7044,No Failure
7438,No Failure
8043,No Failure
2583,No Failure
2632,No Failure
6033,No Failure
9455,No Failure
2463,No Failure
1557,No Failure
3471,No Failure
8717,No Failure
9815,No Failure
7118,No Failure
5548,No Failure
5748,No Failure
3180,No Failure
9847,No Failure
4270,No Failure
4954,No Failure
8439,No Failure
2966,No Failure
7284,No Failure
1006,No Failure
9977,No Failure
6438,No Failure
3739,No Failure
2654,No Failure
6757,No Failure
5846,No Failure
6537,No Failure
7935,No Failure
5083,No Failure
9783,No Failure
8850,No Failure
8295,No Failure
2975,No Failure
6457,No Failure
709,No Failure
13,No Failure
1269,No Failure
3904,No Failure
8593,No Failure
8421,No Failure
1116,No Failure
3962,No Failure
5462,No Failure
3728,No Failure
1735,No Failure
720,No Failure
1920,No Failure
5108,No Failure
4510,No Failure
6684,No Failure
4727,No Failure
744,No Failure
2771,No Failure
5449,No Failure
7100,No Failure
4229,No Failure
5674,No Failure
9101,No Failure
1380,No Failure
6546,No Failure
3498,No Failure
8774,No Failure
7813,No Failure
4697,No Failure
1344,No Failure
6705,No Failure
1802,No Failure
4587,No Failure
8341,No Failure
5683,No Failure
2648,No Failure
5238,No Failure
2433,No Failure
9647,No Failure
652,No Failure
9258,Heat Dissipation Failure
841,No Failure
5481,No Failure
7262,No Failure
6433,No Failure
5767,No Failure
9407,No Failure
8786,No Failure
126,No Failure
5068,No Failure
4404,No Failure
9619,No Failure
990,No Failure
8736,No Failure
7285,No Failure
7362,No Failure
567,No Failure
7286,No Failure
6932,No Failure
4901,No Failure
3165,No Failure
628,No Failure
4873,No Failure
4009,No Failure
4339,No Failure
1767,No Failure
5914,No Failure
585,No Failure
8093,No Failure
2767,No Failure
8834,No Failure
2524,No Failure
8925,No Failure
4378,No Failure
1014,No Failure
6532,No Failure
1500,No Failure
2486,No Failure
4504,No Failure
953,No Failure
9050,No Failure
2285,No Failure
8511,No Failure
5225,No Failure
8282,No Failure
1410,No Failure
6318,No Failure
7326,No Failure
7567,No Failure
9225,No Failure
2263,No Failure
6087,No Failure
2530,No Failure
4468,No Failure
5935,No Failure
2494,No Failure
7065,No Failure
4693,No Failure
9606,No Failure
8826,No Failure
1646,No Failure
6126,No Failure
3713,No Failure
5549,No Failure
121,No Failure
2055,No Failure
2858,No Failure
3243,No Failure
2749,No Failure
763,No Failure
6866,No Failure
3835,No Failure
8107,No Failure
188,No Failure
9425,No Failure
1856,No Failure
5893,No Failure
7163,No Failure
9009,No Failure
7693,No Failure
7310,No Failure
9040,No Failure
3719,No Failure
9456,No Failure
9785,No Failure
3516,No Failure
8867,No Failure
3672,No Failure
7178,No Failure
5865,No Failure
8562,No Failure
5687,No Failure
7934,No Failure
8392,No Failure
6871,No Failure
5747,No Failure
9799,No Failure
8835,No Failure
5920,No Failure
2461,No Failure
7221,No Failure
6106,No Failure
9368,No Failure
6024,No Failure
6202,No Failure
5133,No Failure
4388,No Failure
5253,No Failure
1464,No Failure
6346,No Failure
5069,No Failure
7529,No Failure
6049,No Failure
4108,No Failure
4190,No Failure
2031,No Failure
7984,No Failure
3233,No Failure
8765,No Failure
7997,No Failure
2561,No Failure
4905,No Failure
4282,No Failure
1547,No Failure
6055,No Failure
5114,No Failure
3120,No Failure
7156,No Failure
7852,No Failure
5192,No Failure
2288,No Failure
9906,No Failure
7087,Power Failure
262,No Failure
7342,No Failure
9045,No Failure
9345,No Failure
7547,No Failure
3594,No Failure
2426,No Failure
6283,No Failure
7625,No Failure
3288,No Failure
1494,No Failure
9733,No Failure
5577,No Failure
6694,No Failure
4908,No Failure
4061,No Failure
1810,No Failure
3464,No Failure
3941,No Failure
1401,Power Failure
5526,No Failure
2572,No Failure
3954,No Failure
9554,No Failure
7786,No Failure
7254,No Failure
7144,No Failure
5020,No Failure
6335,No Failure
4505,No Failure
4542,No Failure
3622,No Failure
9601,No Failure
1443,No Failure
2789,No Failure
647,No Failure
4477,No Failure
2446,No Failure
4448,No Failure
3018,No Failure
3951,No Failure
5733,No Failure
7323,No Failure
7801,No Failure
9725,No Failure
7420,No Failure
9579,No Failure
7007,No Failure
3698,No Failure
3397,No Failure
657,No Failure
4487,No Failure
2341,No Failure
3902,No Failure
4868,No Failure
7211,No Failure
8160,No Failure
340,No Failure
3307,No Failure
3325,No Failure
5026,No Failure
6690,No Failure
7658,No Failure
5538,No Failure
9007,No Failure
7070,No Failure
4564,No Failure
3508,No Failure
3359,No Failure
8806,No Failure
1160,No Failure
635,No Failure
6310,No Failure
5516,No Failure
9802,No Failure
7949,No Failure
3729,No Failure
5274,No Failure
7198,No Failure
89,No Failure
5422,No Failure
6752,No Failure
5883,No Failure
4548,No Failure
6081,No Failure
3584,No Failure
950,No Failure
3699,No Failure
8966,No Failure
356,No Failure
6445,No Failure
2226,No Failure
2852,No Failure
5329,No Failure
2678,No Failure
978,No Failure
6303,No Failure
5694,No Failure
325,No Failure
5743,No Failure
6942,No Failure
7257,No Failure
2173,No Failure
319,No Failure
4465,No Failure
1667,No Failure
6644,No Failure
1357,No Failure
8917,No Failure
7277,No Failure
9408,No Failure
8523,No Failure
2853,No Failure
5963,No Failure
1004,No Failure
7149,No Failure
4479,No Failure
3633,No Failure
9184,No Failure
2551,No Failure
8535,No Failure
6185,No Failure
3433,No Failure
8689,No Failure
2603,No Failure
5163,No Failure
9419,No Failure
5665,No Failure
4426,No Failure
8843,No Failure
3467,No Failure
5877,No Failure
7578,No Failure
290,No Failure
3026,No Failure
4767,No Failure
8296,No Failure
6014,No Failure
9841,No Failure
7060,No Failure
8947,No Failure
9183,No Failure
7995,No Failure
6647,No Failure
3871,No Failure
508,No Failure
4825,No Failure
8271,No Failure
8910,No Failure
85,No Failure
6979,No Failure
7661,No Failure
1192,No Failure
5313,No Failure
3958,No Failure
3117,No Failure
5072,No Failure
8810,No Failure
9109,No Failure
1354,No Failure
5942,No Failure
4489,No Failure
2710,No Failure
5014,No Failure
5977,No Failure
8588,No Failure
6814,No Failure
3077,No Failure
7986,No Failure
6953,No Failure
2048,No Failure
2729,No Failure
2361,No Failure
8983,No Failure
2410,No Failure
6555,No Failure
5385,No Failure
7540,No Failure
9587,No Failure
4799,No Failure
9166,No Failure
5575,No Failure
6369,No Failure
5695,No Failure
4251,No Failure
8481,No Failure
6919,No Failure
5648,No Failure
956,No Failure
7920,No Failure
6008,No Failure
7883,No Failure
506,No Failure
9730,No Failure
1080,No Failure
5785,No Failure
9793,No Failure
1848,No Failure
7336,No Failure
3227,No Failure
3743,No Failure
782,No Failure
3337,No Failure
8297,No Failure
206,No Failure
7980,No Failure
729,No Failure
5635,No Failure
4780,No Failure
2290,No Failure
774,No Failure
1031,No Failure
2645,No Failure
815,No Failure
6907,No Failure
9876,No Failure
2308,No Failure
8741,No Failure
6716,No Failure
8102,No Failure
1999,No Failure
1616,No Failure
3587,No Failure
2504,No Failure
6066,No Failure
8028,No Failure
5484,No Failure
313,No Failure
4018,No Failure
1897,No Failure
4651,No Failure
1675,No Failure
2277,No Failure
6852,No Failure
8096,No Failure
2689,No Failure
1067,No Failure
1256,No Failure
7929,No Failure
693,No Failure
8505,No Failure
3637,No Failure
5609,No Failure
5558,No Failure
9819,No Failure
6734,No Failure
6084,No Failure
6468,No Failure
974,No Failure
3044,No Failure
6995,No Failure
5386,No Failure
9033,No Failure
2064,No Failure
64,No Failure
2001,No Failure
4277,No Failure
2565,No Failure
5723,No Failure
3092,No Failure
787,No Failure
3781,No Failure
2284,No Failure
6245,No Failure
9998,No Failure
9988,No Failure
4632,No Failure
2131,No Failure
624,No Failure
8323,No Failure
6822,No Failure
1978,No Failure
3231,No Failure
816,No Failure
2785,No Failure
9706,No Failure
2681,No Failure
6731,No Failure
5013,No Failure
5394,No Failure
7753,No Failure
8322,No Failure
7675,No Failure
9118,No Failure
7478,No Failure
9643,No Failure
9499,No Failure
8206,No Failure
4858,No Failure
8823,No Failure
384,No Failure
8888,No Failure
1206,No Failure
4269,No Failure
1330,No Failure
650,No Failure
4162,No Failure
7005,No Failure
1701,No Failure
3321,No Failure
6570,No Failure
1026,No Failure
553,No Failure
2780,No Failure
9057,No Failure
2606,No Failure
3398,No Failure
2101,No Failure
7774,No Failure
619,No Failure
9436,No Failure
8856,No Failure
4796,No Failure
4150,No Failure
1820,No Failure
9541,No Failure
7416,No Failure
786,No Failure
7780,No Failure
1470,No Failure
5157,No Failure
532,No Failure
8504,No Failure
3401,No Failure
6224,No Failure
2003,No Failure
4562,No Failure
9598,No Failure
3049,No Failure
4935,No Failure
6412,No Failure
2941,No Failure
1218,No Failure
5727,No Failure
8577,No Failure
5210,No Failure
4725,No Failure
8962,No Failure
9803,No Failure
3819,No Failure
540,No Failure
6484,No Failure
8114,No Failure
2413,No Failure
8559,No Failure
2512,No Failure
3632,No Failure
4384,Overstrain Failure
4760,No Failure
4502,No Failure
4666,No Failure
4097,No Failure
4528,No Failure
4621,No Failure
4449,No Failure
4511,No Failure
4121,No Failure
4165,No Failure
4771,No Failure
4156,No Failure
4406,No Failure
4837,No Failure
4832,No Failure
4154,No Failure
4662,No Failure
4643,Overstrain Failure
4139,No Failure
4557,No Failure
4703,No Failure
4670,No Failure
4248,No Failure
4186,No Failure
3788,No Failure
4082,No Failure
4769,No Failure
4852,No Failure
4602,No Failure
4079,No Failure
4324,No Failure
3794,No Failure
4362,No Failure
4141,No Failure
4185,No Failure
4422,No Failure
5707,Power Failure
51,Power Failure
7537,Power Failure
3458,Power Failure
4049,Power Failure
7084,Power Failure
4343,Power Failure
6933,Power Failure
443,No Failure
2427,No Failure
5049,Overstrain Failure
2599,Power Failure
1809,Power Failure
4921,Power Failure
1285,No Failure
6679,No Failure
7565,Power Failure
4003,Power Failure
1096,Power Failure
3868,Power Failure
4293,No Failure
1145,Power Failure
1497,Overstrain Failure
3944,Power Failure
9765,No Failure
4998,Power Failure
6541,No Failure
4297,Power Failure
195,Power Failure
169,Power Failure
2880,No Failure
3580,Power Failure
8196,Overstrain Failure
6154,Heat Dissipation Failure
7592,Overstrain Failure
3020,Overstrain Failure
7670,No Failure
4985,Overstrain Failure
3351,Overstrain Failure
9660,Overstrain Failure
2076,Overstrain Failure
2762,Overstrain Failure
4025,Overstrain Failure
9494,Overstrain Failure
7927,No Failure
1336,Overstrain Failure
9015,Overstrain Failure
1834,Overstrain Failure
587,Overstrain Failure
3357,Overstrain Failure
249,Overstrain Failure
6079,Overstrain Failure
243,Overstrain Failure
9831,Overstrain Failure
1335,Overstrain Failure
1163,Overstrain Failure
1162,Overstrain Failure
4815,No Failure
8847,Overstrain Failure
5142,No Failure
7088,No Failure
1510,No Failure
4647,No Failure
8358,No Failure
1088,No Failure
6760,No Failure
1683,No Failure
2865,Overstrain Failure
1997,No Failure
5310,No Failure
3866,No Failure
5402,Overstrain Failure
6420,No Failure
1303,No Failure
5554,No Failure
6961,No Failure
6914,No Failure
5510,No Failure
3066,No Failure
